<metadata xml:lang="en"><Esri><CreaDate>20200608</CreaDate><CreaTime>14433900</CreaTime><ArcGISFormat>1.0</ArcGISFormat><SyncOnce>FALSE</SyncOnce><DataProperties><lineage><Process ToolSource="c:\program files (x86)\arcgis\desktop10.3\ArcToolbox\Toolboxes\Data Management Tools.tbx\CalculateField" Date="20150429" Time="142027">CalculateField "Corridors Map (Bicycle Network Vision)\Arrows\On-Road Corridors (Arrow)" Special_Carto_Symbol null VB #</Process><Process ToolSource="c:\program files (x86)\arcgis\desktop10.7\ArcToolbox\Toolboxes\Data Management Tools.tbx\MultipartToSinglepart" Date="20200602" Time="104906">MultipartToSinglepart RecommendedFacilities "J:\NEIGHPLAN\TRAFFIC Engineering\BICYCLE\One Map\om\FromMPK.gdb\RecommendedFacilities_SinglePart"</Process><Process ToolSource="c:\program files (x86)\arcgis\desktop10.7\ArcToolbox\Toolboxes\Data Management Tools.tbx\Merge" Date="20200602" Time="133805">Merge RecommendedFacilities_SinglePart;BicycleFacility "J:\NEIGHPLAN\TRAFFIC Engineering\BICYCLE\One Map\om\FromMPK.gdb\CombinedBikeFacilityRecomendedFacilitySP" "RecFacility "RecFacility" true true false 60 Text 0 0 ,First,#,RecommendedFacilities_SinglePart,RecFacility,-1,-1;MajorAction "MajorAction" true true false 255 Text 0 0 ,First,#,RecommendedFacilities_SinglePart,MajorAction,-1,-1;ORIG_FID "ORIG_FID" true true false 4 Long 0 0 ,First,#,RecommendedFacilities_SinglePart,ORIG_FID,-1,-1;Shape_Length "Shape_Length" false true true 8 Double 0 0 ,First,#,RecommendedFacilities_SinglePart,Shape_Length,-1,-1,BicycleFacility,Shape_Length,-1,-1;BikeLaneID "BikeLaneID" true true false 8000 Text 0 0 ,First,#,BicycleFacility,BikeLaneID,-1,-1;Comment "Comment" true true false 8000 Text 0 0 ,First,#,BicycleFacility,Comment,-1,-1;DataSource "DataSource" true true false 8000 Text 0 0 ,First,#,BicycleFacility,DataSource,-1,-1;FacilityDetail "FacilityDetail" true true false 8000 Text 0 0 ,First,#,BicycleFacility,FacilityDetail,-1,-1;FacilityName "FacilityName" true true false 8000 Text 0 0 ,First,#,BicycleFacility,FacilityName,-1,-1;FacilityStatus "FacilityStatus" true true false 8000 Text 0 0 ,First,#,BicycleFacility,FacilityStatus,-1,-1;FacilityType "FacilityType" true true false 8000 Text 0 0 ,First,#,BicycleFacility,FacilityType,-1,-1;FromReference "FromReference" true true false 8000 Text 0 0 ,First,#,BicycleFacility,FromReference,-1,-1;InstallationDate "InstallationDate" true true false 8000 Text 0 0 ,First,#,BicycleFacility,InstallationDate,-1,-1;LinearFeet "LinearFeet" true true false 8 Double 0 0 ,First,#,BicycleFacility,LinearFeet,-1,-1;Oneway "Oneway" true true false 8000 Text 0 0 ,First,#,BicycleFacility,Oneway,-1,-1;RoadSegment "RoadSegment" true true false 8000 Text 0 0 ,First,#,BicycleFacility,RoadSegment,-1,-1;StatusDetail "StatusDetail" true true false 8000 Text 0 0 ,First,#,BicycleFacility,StatusDetail,-1,-1;SurfaceMaterial "SurfaceMaterial" true true false 8000 Text 0 0 ,First,#,BicycleFacility,SurfaceMaterial,-1,-1;ToReference "ToReference" true true false 8000 Text 0 0 ,First,#,BicycleFacility,ToReference,-1,-1;TotalWidth "TotalWidth" true true false 8 Double 0 0 ,First,#,BicycleFacility,TotalWidth,-1,-1"</Process><Process ToolSource="c:\program files (x86)\arcgis\desktop10.7\ArcToolbox\Toolboxes\Data Management Tools.tbx\CalculateField" Date="20200605" Time="091113">CalculateField CombinedBikeFacilityRecomendedFacilitySP DataSource 'Bicycle and Pedestrian Master Plan (2015)' PYTHON_9.3 #</Process><Process ToolSource="c:\program files (x86)\arcgis\desktop10.7\ArcToolbox\Toolboxes\Data Management Tools.tbx\CalculateField" Date="20200605" Time="091153">CalculateField CombinedBikeFacilityRecomendedFacilitySP DataSource 'Bicycle and Pedestrian Master Plan (2015)' PYTHON_9.3 #</Process><Process ToolSource="c:\program files (x86)\arcgis\desktop10.7\ArcToolbox\Toolboxes\Data Management Tools.tbx\CalculateField" Date="20200605" Time="093511">CalculateField Draft DataSource 'Bicycle and Pedestrian Master Plan (2015)'.upper() PYTHON_9.3 #</Process><Process ToolSource="c:\program files (x86)\arcgis\desktop10.8\ArcToolbox\Toolboxes\Conversion Tools.tbx\FeatureClassToFeatureClass" Date="20200828" Time="050546">FeatureClassToFeatureClass \\metanoia\geodata\IT\SIMPSON\projects\NDS\Amanda\Draft_06052020.gdb\BicycleFacilityInventory "Database Connections\CITY_Connection to gisprddb.sde\cvgis.CITY.Transportation_Other" bicycle_lane_line # "BikeLaneID "BikeLaneID" true true false 8000 Text 0 0 ,First,#,\\metanoia\geodata\IT\SIMPSON\projects\NDS\Amanda\Draft_06052020.gdb\BicycleFacilityInventory,BikeLaneID,-1,-1;Comment "Comment" true true false 8000 Text 0 0 ,First,#,\\metanoia\geodata\IT\SIMPSON\projects\NDS\Amanda\Draft_06052020.gdb\BicycleFacilityInventory,Comment,-1,-1;DataSource "DataSource" true true false 8000 Text 0 0 ,First,#,\\metanoia\geodata\IT\SIMPSON\projects\NDS\Amanda\Draft_06052020.gdb\BicycleFacilityInventory,DataSource,-1,-1;FacilityDetail "FacilityDetail" true true false 8000 Text 0 0 ,First,#,\\metanoia\geodata\IT\SIMPSON\projects\NDS\Amanda\Draft_06052020.gdb\BicycleFacilityInventory,FacilityDetail,-1,-1;FacilityName "FacilityName" true true false 8000 Text 0 0 ,First,#,\\metanoia\geodata\IT\SIMPSON\projects\NDS\Amanda\Draft_06052020.gdb\BicycleFacilityInventory,FacilityName,-1,-1;FacilityStatus "FacilityStatus" true true false 8000 Text 0 0 ,First,#,\\metanoia\geodata\IT\SIMPSON\projects\NDS\Amanda\Draft_06052020.gdb\BicycleFacilityInventory,FacilityStatus,-1,-1;FacilityType "FacilityType" true true false 8000 Text 0 0 ,First,#,\\metanoia\geodata\IT\SIMPSON\projects\NDS\Amanda\Draft_06052020.gdb\BicycleFacilityInventory,FacilityType,-1,-1;FromReference "FromReference" true true false 8000 Text 0 0 ,First,#,\\metanoia\geodata\IT\SIMPSON\projects\NDS\Amanda\Draft_06052020.gdb\BicycleFacilityInventory,FromReference,-1,-1;InstallationDate "InstallationDate" true true false 8000 Text 0 0 ,First,#,\\metanoia\geodata\IT\SIMPSON\projects\NDS\Amanda\Draft_06052020.gdb\BicycleFacilityInventory,InstallationDate,-1,-1;LinearFeet "LinearFeet" true true false 8 Double 0 0 ,First,#,\\metanoia\geodata\IT\SIMPSON\projects\NDS\Amanda\Draft_06052020.gdb\BicycleFacilityInventory,LinearFeet,-1,-1;Oneway "Oneway" true true false 8000 Text 0 0 ,First,#,\\metanoia\geodata\IT\SIMPSON\projects\NDS\Amanda\Draft_06052020.gdb\BicycleFacilityInventory,Oneway,-1,-1;RoadSegment "RoadSegment" true true false 8000 Text 0 0 ,First,#,\\metanoia\geodata\IT\SIMPSON\projects\NDS\Amanda\Draft_06052020.gdb\BicycleFacilityInventory,RoadSegment,-1,-1;StatusDetail "StatusDetail" true true false 8000 Text 0 0 ,First,#,\\metanoia\geodata\IT\SIMPSON\projects\NDS\Amanda\Draft_06052020.gdb\BicycleFacilityInventory,StatusDetail,-1,-1;SurfaceMaterial "SurfaceMaterial" true true false 8000 Text 0 0 ,First,#,\\metanoia\geodata\IT\SIMPSON\projects\NDS\Amanda\Draft_06052020.gdb\BicycleFacilityInventory,SurfaceMaterial,-1,-1;ToReference "ToReference" true true false 8000 Text 0 0 ,First,#,\\metanoia\geodata\IT\SIMPSON\projects\NDS\Amanda\Draft_06052020.gdb\BicycleFacilityInventory,ToReference,-1,-1;TotalWidth "TotalWidth" true true false 8 Double 0 0 ,First,#,\\metanoia\geodata\IT\SIMPSON\projects\NDS\Amanda\Draft_06052020.gdb\BicycleFacilityInventory,TotalWidth,-1,-1;Shape_Length "Shape_Length" false true true 8 Double 0 0 ,First,#,\\metanoia\geodata\IT\SIMPSON\projects\NDS\Amanda\Draft_06052020.gdb\BicycleFacilityInventory,Shape_Length,-1,-1" #</Process><Process ToolSource="c:\program files (x86)\arcgis\desktop10.8\ArcToolbox\Toolboxes\Data Management Tools.tbx\CopyFeatures" Date="20230202" Time="220322">CopyFeatures "\\Metanoia\geodata\IT\Data_Automation\ArcSDE_connections\CITY_Connection to GISPRDDB.sde\cvGIS.CITY.bicycle_lane_line" \\Metanoia\GeoData\IT\Data_Automation\temp\bicycle_lane_line.shp # 0 0 0</Process></lineage><itemProps><itemName Sync="TRUE">bicycle_lane_line</itemName><imsContentType Sync="TRUE">002</imsContentType><itemLocation><linkage Sync="TRUE">file://\\Metanoia\GeoData\IT\Data_Automation\temp\bicycle_lane_line.shp</linkage><protocol Sync="TRUE">Local Area Network</protocol></itemLocation><itemSize Sync="TRUE">0.000</itemSize></itemProps><coordRef><type Sync="TRUE">Projected</type><geogcsn Sync="TRUE">GCS_North_American_1983</geogcsn><csUnits Sync="TRUE">Linear Unit: Foot_US (0.304801)</csUnits><projcsn Sync="TRUE">NAD_1983_StatePlane_Virginia_South_FIPS_4502_Feet</projcsn><peXml Sync="TRUE">&lt;ProjectedCoordinateSystem xsi:type='typens:ProjectedCoordinateSystem' xmlns:xsi='http://www.w3.org/2001/XMLSchema-instance' xmlns:xs='http://www.w3.org/2001/XMLSchema' xmlns:typens='http://www.esri.com/schemas/ArcGIS/10.8'&gt;&lt;WKT&gt;PROJCS[&amp;quot;NAD_1983_StatePlane_Virginia_South_FIPS_4502_Feet&amp;quot;,GEOGCS[&amp;quot;GCS_North_American_1983&amp;quot;,DATUM[&amp;quot;D_North_American_1983&amp;quot;,SPHEROID[&amp;quot;GRS_1980&amp;quot;,6378137.0,298.257222101]],PRIMEM[&amp;quot;Greenwich&amp;quot;,0.0],UNIT[&amp;quot;Degree&amp;quot;,0.0174532925199433]],PROJECTION[&amp;quot;Lambert_Conformal_Conic&amp;quot;],PARAMETER[&amp;quot;False_Easting&amp;quot;,11482916.66666666],PARAMETER[&amp;quot;False_Northing&amp;quot;,3280833.333333333],PARAMETER[&amp;quot;Central_Meridian&amp;quot;,-78.5],PARAMETER[&amp;quot;Standard_Parallel_1&amp;quot;,36.76666666666667],PARAMETER[&amp;quot;Standard_Parallel_2&amp;quot;,37.96666666666667],PARAMETER[&amp;quot;Latitude_Of_Origin&amp;quot;,36.33333333333334],UNIT[&amp;quot;Foot_US&amp;quot;,0.3048006096012192],AUTHORITY[&amp;quot;EPSG&amp;quot;,2284]]&lt;/WKT&gt;&lt;XOrigin&gt;-111140600&lt;/XOrigin&gt;&lt;YOrigin&gt;-91532100&lt;/YOrigin&gt;&lt;XYScale&gt;36727036.750856541&lt;/XYScale&gt;&lt;ZOrigin&gt;-100000&lt;/ZOrigin&gt;&lt;ZScale&gt;10000&lt;/ZScale&gt;&lt;MOrigin&gt;-100000&lt;/MOrigin&gt;&lt;MScale&gt;10000&lt;/MScale&gt;&lt;XYTolerance&gt;0.0032808333333333331&lt;/XYTolerance&gt;&lt;ZTolerance&gt;0.001&lt;/ZTolerance&gt;&lt;MTolerance&gt;0.001&lt;/MTolerance&gt;&lt;HighPrecision&gt;true&lt;/HighPrecision&gt;&lt;WKID&gt;102747&lt;/WKID&gt;&lt;LatestWKID&gt;2284&lt;/LatestWKID&gt;&lt;/ProjectedCoordinateSystem&gt;</peXml></coordRef></DataProperties><SyncDate>20230202</SyncDate><SyncTime>22032100</SyncTime><ModDate>20230202</ModDate><ModTime>22032100</ModTime><ArcGISstyle>XTools Pro Metadata</ArcGISstyle></Esri><dataIdInfo><envirDesc Sync="TRUE"> Version 6.2 (Build 9200) ; Esri ArcGIS 10.8.0.12790</envirDesc><dataLang><languageCode value="eng" Sync="TRUE"/><countryCode value="USA" Sync="TRUE"/></dataLang><idCitation><resTitle Sync="TRUE">bicycle_lane_line</resTitle><presForm><PresFormCd value="005" Sync="TRUE"/></presForm></idCitation><spatRpType><SpatRepTypCd value="001" Sync="TRUE"/></spatRpType></dataIdInfo><mdLang><languageCode value="eng" Sync="TRUE"/><countryCode value="USA" Sync="TRUE"/></mdLang><distInfo><distFormat><formatName Sync="TRUE">Shapefile</formatName></distFormat><distTranOps><transSize Sync="TRUE">0.000</transSize></distTranOps></distInfo><mdHrLv><ScopeCd value="005" Sync="TRUE"/></mdHrLv><mdHrLvName Sync="TRUE">dataset</mdHrLvName><refSysInfo><RefSystem><refSysID><identCode code="2284" Sync="TRUE"/><idCodeSpace Sync="TRUE">EPSG</idCodeSpace><idVersion Sync="TRUE">5.3(9.0.0)</idVersion></refSysID></RefSystem></refSysInfo><spatRepInfo><VectSpatRep><geometObjs Name="bicycle_lane_line"><geoObjTyp><GeoObjTypCd value="002" Sync="TRUE"></GeoObjTypCd></geoObjTyp><geoObjCnt Sync="TRUE">0</geoObjCnt></geometObjs><topLvl><TopoLevCd value="001" Sync="TRUE"></TopoLevCd></topLvl></VectSpatRep></spatRepInfo><spdoinfo><ptvctinf><esriterm Name="bicycle_lane_line"><efeatyp Sync="TRUE">Simple</efeatyp><efeageom code="3" Sync="TRUE"></efeageom><esritopo Sync="TRUE">FALSE</esritopo><efeacnt Sync="TRUE">0</efeacnt><spindex Sync="TRUE">FALSE</spindex><linrefer Sync="TRUE">FALSE</linrefer></esriterm></ptvctinf></spdoinfo><eainfo><detailed Name="bicycle_lane_line"><enttyp><enttypl Sync="TRUE">bicycle_lane_line</enttypl><enttypt Sync="TRUE">Feature Class</enttypt><enttypc Sync="TRUE">0</enttypc></enttyp><attr><attrlabl Sync="TRUE">FID</attrlabl><attalias Sync="TRUE">FID</attalias><attrtype Sync="TRUE">OID</attrtype><attwidth Sync="TRUE">4</attwidth><atprecis Sync="TRUE">0</atprecis><attscale Sync="TRUE">0</attscale><attrdef Sync="TRUE">Internal feature number.</attrdef><attrdefs Sync="TRUE">Esri</attrdefs><attrdomv><udom Sync="TRUE">Sequential unique whole numbers that are automatically generated.</udom></attrdomv></attr><attr><attrlabl Sync="TRUE">Shape</attrlabl><attalias Sync="TRUE">Shape</attalias><attrtype Sync="TRUE">Geometry</attrtype><attwidth Sync="TRUE">0</attwidth><atprecis Sync="TRUE">0</atprecis><attscale Sync="TRUE">0</attscale><attrdef Sync="TRUE">Feature geometry.</attrdef><attrdefs Sync="TRUE">Esri</attrdefs><attrdomv><udom Sync="TRUE">Coordinates defining the features.</udom></attrdomv></attr><attr><attrlabl Sync="TRUE">BikeLaneID</attrlabl><attalias Sync="TRUE">BikeLaneID</attalias><attrtype Sync="TRUE">String</attrtype><attwidth Sync="TRUE">254</attwidth><atprecis Sync="TRUE">0</atprecis><attscale Sync="TRUE">0</attscale></attr><attr><attrlabl Sync="TRUE">Comment</attrlabl><attalias Sync="TRUE">Comment</attalias><attrtype Sync="TRUE">String</attrtype><attwidth Sync="TRUE">254</attwidth><atprecis Sync="TRUE">0</atprecis><attscale Sync="TRUE">0</attscale></attr><attr><attrlabl Sync="TRUE">DataSource</attrlabl><attalias Sync="TRUE">DataSource</attalias><attrtype Sync="TRUE">String</attrtype><attwidth Sync="TRUE">254</attwidth><atprecis Sync="TRUE">0</atprecis><attscale Sync="TRUE">0</attscale></attr><attr><attrlabl Sync="TRUE">FacilityDe</attrlabl><attalias Sync="TRUE">FacilityDe</attalias><attrtype Sync="TRUE">String</attrtype><attwidth Sync="TRUE">254</attwidth><atprecis Sync="TRUE">0</atprecis><attscale Sync="TRUE">0</attscale></attr><attr><attrlabl Sync="TRUE">FacilityNa</attrlabl><attalias Sync="TRUE">FacilityNa</attalias><attrtype Sync="TRUE">String</attrtype><attwidth Sync="TRUE">254</attwidth><atprecis Sync="TRUE">0</atprecis><attscale Sync="TRUE">0</attscale></attr><attr><attrlabl Sync="TRUE">FacilitySt</attrlabl><attalias Sync="TRUE">FacilitySt</attalias><attrtype Sync="TRUE">String</attrtype><attwidth Sync="TRUE">254</attwidth><atprecis Sync="TRUE">0</atprecis><attscale Sync="TRUE">0</attscale></attr><attr><attrlabl Sync="TRUE">FacilityTy</attrlabl><attalias Sync="TRUE">FacilityTy</attalias><attrtype Sync="TRUE">String</attrtype><attwidth Sync="TRUE">254</attwidth><atprecis Sync="TRUE">0</atprecis><attscale Sync="TRUE">0</attscale></attr><attr><attrlabl Sync="TRUE">FromRefere</attrlabl><attalias Sync="TRUE">FromRefere</attalias><attrtype Sync="TRUE">String</attrtype><attwidth Sync="TRUE">254</attwidth><atprecis Sync="TRUE">0</atprecis><attscale Sync="TRUE">0</attscale></attr><attr><attrlabl Sync="TRUE">Installati</attrlabl><attalias Sync="TRUE">Installati</attalias><attrtype Sync="TRUE">String</attrtype><attwidth Sync="TRUE">254</attwidth><atprecis Sync="TRUE">0</atprecis><attscale Sync="TRUE">0</attscale></attr><attr><attrlabl Sync="TRUE">LinearFeet</attrlabl><attalias Sync="TRUE">LinearFeet</attalias><attrtype Sync="TRUE">Double</attrtype><attwidth Sync="TRUE">19</attwidth><atprecis Sync="TRUE">18</atprecis><attscale Sync="TRUE">8</attscale></attr><attr><attrlabl Sync="TRUE">Oneway</attrlabl><attalias Sync="TRUE">Oneway</attalias><attrtype Sync="TRUE">String</attrtype><attwidth Sync="TRUE">254</attwidth><atprecis Sync="TRUE">0</atprecis><attscale Sync="TRUE">0</attscale></attr><attr><attrlabl Sync="TRUE">RoadSegmen</attrlabl><attalias Sync="TRUE">RoadSegmen</attalias><attrtype Sync="TRUE">String</attrtype><attwidth Sync="TRUE">254</attwidth><atprecis Sync="TRUE">0</atprecis><attscale Sync="TRUE">0</attscale></attr><attr><attrlabl Sync="TRUE">StatusDeta</attrlabl><attalias Sync="TRUE">StatusDeta</attalias><attrtype Sync="TRUE">String</attrtype><attwidth Sync="TRUE">254</attwidth><atprecis Sync="TRUE">0</atprecis><attscale Sync="TRUE">0</attscale></attr><attr><attrlabl Sync="TRUE">SurfaceMat</attrlabl><attalias Sync="TRUE">SurfaceMat</attalias><attrtype Sync="TRUE">String</attrtype><attwidth Sync="TRUE">254</attwidth><atprecis Sync="TRUE">0</atprecis><attscale Sync="TRUE">0</attscale></attr><attr><attrlabl Sync="TRUE">ToReferenc</attrlabl><attalias Sync="TRUE">ToReferenc</attalias><attrtype Sync="TRUE">String</attrtype><attwidth Sync="TRUE">254</attwidth><atprecis Sync="TRUE">0</atprecis><attscale Sync="TRUE">0</attscale></attr><attr><attrlabl Sync="TRUE">TotalWidth</attrlabl><attalias Sync="TRUE">TotalWidth</attalias><attrtype Sync="TRUE">Double</attrtype><attwidth Sync="TRUE">19</attwidth><atprecis Sync="TRUE">18</atprecis><attscale Sync="TRUE">8</attscale></attr><attr><attrlabl Sync="TRUE">created_us</attrlabl><attalias Sync="TRUE">created_us</attalias><attrtype Sync="TRUE">String</attrtype><attwidth Sync="TRUE">254</attwidth><atprecis Sync="TRUE">0</atprecis><attscale Sync="TRUE">0</attscale></attr><attr><attrlabl Sync="TRUE">created_da</attrlabl><attalias Sync="TRUE">created_da</attalias><attrtype Sync="TRUE">Date</attrtype><attwidth Sync="TRUE">8</attwidth><atprecis Sync="TRUE">0</atprecis><attscale Sync="TRUE">0</attscale></attr><attr><attrlabl Sync="TRUE">last_edite</attrlabl><attalias Sync="TRUE">last_edite</attalias><attrtype Sync="TRUE">String</attrtype><attwidth Sync="TRUE">254</attwidth><atprecis Sync="TRUE">0</atprecis><attscale Sync="TRUE">0</attscale></attr><attr><attrlabl Sync="TRUE">last_edi_1</attrlabl><attalias Sync="TRUE">last_edi_1</attalias><attrtype Sync="TRUE">Date</attrtype><attwidth Sync="TRUE">8</attwidth><atprecis Sync="TRUE">0</atprecis><attscale Sync="TRUE">0</attscale></attr><attr><attrlabl Sync="TRUE">Shape_STLe</attrlabl><attalias Sync="TRUE">Shape_STLe</attalias><attrtype Sync="TRUE">Double</attrtype><attwidth Sync="TRUE">19</attwidth><atprecis Sync="TRUE">0</atprecis><attscale Sync="TRUE">0</attscale></attr></detailed></eainfo><mdDateSt Sync="TRUE">20230202</mdDateSt></metadata>
