<metadata xml:lang="en"><Esri><CreaDate>20140208</CreaDate><CreaTime>13124900</CreaTime><ArcGISFormat>1.0</ArcGISFormat><SyncOnce>FALSE</SyncOnce><DataProperties><itemProps><itemName Sync="TRUE">structure_existing_area</itemName><imsContentType Sync="TRUE">002</imsContentType><itemLocation><linkage Sync="TRUE">file://\\Metanoia\GeoData\IT\Data_Automation\temp\structure_existing_area.shp</linkage><protocol Sync="TRUE">Local Area Network</protocol></itemLocation><nativeExtBox><westBL Sync="TRUE">11476135.089530</westBL><eastBL Sync="TRUE">11496879.190102</eastBL><southBL Sync="TRUE">3891383.491234</southBL><northBL Sync="TRUE">3913241.580065</northBL><exTypeCode Sync="TRUE">1</exTypeCode></nativeExtBox><relatedItems><item><itemName/></item><item><itemName Sync="TRUE">cvGIS.CITY.structure_address</itemName><itemType Sync="TRUE">Relationship</itemType></item></relatedItems><itemSize Sync="TRUE">0.000</itemSize></itemProps><coordRef><type Sync="TRUE">Projected</type><geogcsn Sync="TRUE">GCS_North_American_1983</geogcsn><csUnits Sync="TRUE">Linear Unit: Foot_US (0.304801)</csUnits><projcsn Sync="TRUE">NAD_1983_StatePlane_Virginia_South_FIPS_4502_Feet</projcsn><peXml Sync="TRUE">&lt;ProjectedCoordinateSystem xsi:type='typens:ProjectedCoordinateSystem' xmlns:xsi='http://www.w3.org/2001/XMLSchema-instance' xmlns:xs='http://www.w3.org/2001/XMLSchema' xmlns:typens='http://www.esri.com/schemas/ArcGIS/10.8'&gt;&lt;WKT&gt;PROJCS[&amp;quot;NAD_1983_StatePlane_Virginia_South_FIPS_4502_Feet&amp;quot;,GEOGCS[&amp;quot;GCS_North_American_1983&amp;quot;,DATUM[&amp;quot;D_North_American_1983&amp;quot;,SPHEROID[&amp;quot;GRS_1980&amp;quot;,6378137.0,298.257222101]],PRIMEM[&amp;quot;Greenwich&amp;quot;,0.0],UNIT[&amp;quot;Degree&amp;quot;,0.0174532925199433]],PROJECTION[&amp;quot;Lambert_Conformal_Conic&amp;quot;],PARAMETER[&amp;quot;False_Easting&amp;quot;,11482916.66666666],PARAMETER[&amp;quot;False_Northing&amp;quot;,3280833.333333333],PARAMETER[&amp;quot;Central_Meridian&amp;quot;,-78.5],PARAMETER[&amp;quot;Standard_Parallel_1&amp;quot;,36.76666666666667],PARAMETER[&amp;quot;Standard_Parallel_2&amp;quot;,37.96666666666667],PARAMETER[&amp;quot;Latitude_Of_Origin&amp;quot;,36.33333333333334],UNIT[&amp;quot;Foot_US&amp;quot;,0.3048006096012192],AUTHORITY[&amp;quot;EPSG&amp;quot;,2284]]&lt;/WKT&gt;&lt;XOrigin&gt;-111140600&lt;/XOrigin&gt;&lt;YOrigin&gt;-91532100&lt;/YOrigin&gt;&lt;XYScale&gt;36727036.750856541&lt;/XYScale&gt;&lt;ZOrigin&gt;-100000&lt;/ZOrigin&gt;&lt;ZScale&gt;10000&lt;/ZScale&gt;&lt;MOrigin&gt;-100000&lt;/MOrigin&gt;&lt;MScale&gt;10000&lt;/MScale&gt;&lt;XYTolerance&gt;0.0032808333333333331&lt;/XYTolerance&gt;&lt;ZTolerance&gt;0.001&lt;/ZTolerance&gt;&lt;MTolerance&gt;0.001&lt;/MTolerance&gt;&lt;HighPrecision&gt;true&lt;/HighPrecision&gt;&lt;WKID&gt;102747&lt;/WKID&gt;&lt;LatestWKID&gt;2284&lt;/LatestWKID&gt;&lt;/ProjectedCoordinateSystem&gt;</peXml></coordRef><lineage><Process ToolSource="c:\program files\arcgis\desktop10.1\ArcToolbox\Toolboxes\Data Management Tools.tbx\CopyFeatures" Date="20140208" Time="131314">CopyFeatures \\metanoia\geodata\IT\SIMPSON\projects\Impervious\Sanborn\Charlottesville_Impervious_20140127\Addressable_Structures_20140127.shp "Database Connections\CITY_Connection to gisprddb.sde\cvGIS.CITY.z_QC\cvgis.CITY.Addressable_Structures_20140127" # 0 0 0</Process><Process ToolSource="c:\program files\arcgis\desktop10.1\ArcToolbox\Toolboxes\Data Management Tools.tbx\CopyFeatures" Date="20140227" Time="114459">CopyFeatures "Database Connections\Connection to GISPRDDB.sde\cvGIS.CITY.z_QC\cvgis.CITY.structure_existing_area_sanborn" "\\metanoia\GeoData\NDS\EMERICK\data prep for impervious surface go-live\final layer integration\sanborne_co_data_integration.gdb\impervious_layers\structure_existing_area_sanborn" # 0 0 0</Process><Process ToolSource="c:\program files\arcgis\desktop10.1\ArcToolbox\Toolboxes\Data Management Tools.tbx\CopyFeatures" Date="20140303" Time="210450">CopyFeatures "\\metanoia\geodata\NDS\EMERICK\data prep for impervious surface go-live\final layer integration\sanborn_co_data_integration.gdb\impervious_layers_to_move_to_sde\structure_existing_area" "Database Connections\CITY_Connection to gisprddb.sde\cvgis.CITY.Buildings\cvgis.CITY.structure_existing_area" # 0 0 0</Process><Process ToolSource="c:\program files\arcgis\desktop10.1\ArcToolbox\Toolboxes\Data Management Tools.tbx\CalculateField" Date="20140307" Time="155924">CalculateField "New Group Layer\cvgis.CITY.structure_existing_area" ADDRESSTBL "Y" VB #</Process><Process ToolSource="c:\program files\arcgis\desktop10.1\ArcToolbox\Toolboxes\Data Management Tools.tbx\CalculateField" Date="20140307" Time="160012">CalculateField "New Group Layer\cvgis.CITY.structure_existing_area" ADDRESSTBL "Y" VB #</Process><Process ToolSource="c:\program files (x86)\arcgis\desktop10.2\ArcToolbox\Toolboxes\Data Management Tools.tbx\CalculateField" Date="20150219" Time="104350">CalculateField CITY_STUFF\PLANIMETRIC\cvgis.CITY.structure_existing_area DESCRIP "Field Measured per ADEPT" VB #</Process><Process ToolSource="c:\program files (x86)\arcgis\desktop10.2\ArcToolbox\Toolboxes\Data Management Tools.tbx\CalculateField" Date="20150407" Time="090414">CalculateField CITY_STUFF\PLANIMETRIC\cvgis.CITY.structure_existing_area DESCRIP "Sanborn revision point" VB #</Process><Process ToolSource="c:\program files (x86)\arcgis\desktop10.2\ArcToolbox\Toolboxes\Data Management Tools.tbx\CalculateField" Date="20150407" Time="090657">CalculateField CITY_STUFF\PLANIMETRIC\cvgis.CITY.structure_existing_area DESCRIP "Sanborn revision point" VB #</Process><Process ToolSource="c:\program files (x86)\arcgis\desktop10.3\ArcToolbox\Toolboxes\Data Management Tools.tbx\CalculateField" Date="20150421" Time="131239">CalculateField cvgis.CITY.structure_existing_area ADDRESSTBL "Y" VB #</Process><Process ToolSource="c:\program files (x86)\arcgis\desktop10.2\ArcToolbox\Toolboxes\Data Management Tools.tbx\CalculateField" Date="20151120" Time="123330">CalculateField CITY\PLANIMETRIC\cvgis.CITY.structure_existing_area DESCRIP "per ADEPT" VB #</Process><Process ToolSource="c:\program files (x86)\arcgis\desktop10.2\ArcToolbox\Toolboxes\Data Management Tools.tbx\CalculateField" Date="20160128" Time="102538">CalculateField CITY\PLANIMETRIC\cvgis.CITY.structure_existing_area DESCRIP "per ADEPT" VB #</Process><Process ToolSource="c:\program files (x86)\arcgis\desktop10.3\ArcToolbox\Toolboxes\Data Management Tools.tbx\CalculateField" Date="20160829" Time="105727">CalculateField PLANIMETRIC\cvgis.CITY.structure_existing_area DESCRIP "per ADEPT" VB #</Process><Process ToolSource="c:\program files (x86)\arcgis\desktop10.3\ArcToolbox\Toolboxes\Data Management Tools.tbx\CalculateField" Date="20160829" Time="154415">CalculateField PLANIMETRIC\cvgis.CITY.structure_existing_area DESCRIP "per ADEPT" VB #</Process><Process ToolSource="c:\program files (x86)\arcgis\desktop10.3\ArcToolbox\Toolboxes\Data Management Tools.tbx\CalculateField" Date="20160906" Time="102058">CalculateField PLANIMETRIC\cvgis.CITY.structure_existing_area DESCRIP "per ADEPT" VB #</Process><Process ToolSource="c:\program files (x86)\arcgis\desktop10.3\ArcToolbox\Toolboxes\Data Management Tools.tbx\CalculateField" Date="20161020" Time="112904">CalculateField PLANIMETRIC\cvgis.CITY.structure_existing_area DESCRIP "per ADEPT" VB #</Process><Process ToolSource="c:\program files (x86)\arcgis\desktop10.3\ArcToolbox\Toolboxes\Data Management Tools.tbx\CalculateField" Date="20161216" Time="145042">CalculateField PLANIMETRIC\cvgis.CITY.structure_existing_area DESCRIP 'Per ADEPT' PYTHON_9.3 #</Process><Process ToolSource="c:\program files (x86)\arcgis\desktop10.3\ArcToolbox\Toolboxes\Data Management Tools.tbx\CalculateField" Date="20161216" Time="145112">CalculateField PLANIMETRIC\cvgis.CITY.structure_existing_area DESCRIP 'per ADEPT' PYTHON_9.3 #</Process><Process ToolSource="c:\program files (x86)\arcgis\desktop10.3\ArcToolbox\Toolboxes\Data Management Tools.tbx\CalculateField" Date="20170512" Time="153751">CalculateField PLANIMETRIC\cvgis.CITY.structure_existing_area STREET "DALTON LN" VB #</Process><Process ToolSource="c:\program files (x86)\arcgis\desktop10.3\ArcToolbox\Toolboxes\Data Management Tools.tbx\CalculateField" Date="20170512" Time="153912">CalculateField PLANIMETRIC\cvgis.CITY.structure_existing_area ADDRESS "!ST_NUMBER!+" "+ !STREET!" PYTHON_9.3 #</Process><Process ToolSource="c:\program files (x86)\arcgis\desktop10.3\ArcToolbox\Toolboxes\Data Management Tools.tbx\CalculateField" Date="20170512" Time="154007">CalculateField PLANIMETRIC\cvgis.CITY.structure_existing_area BIN ""17117"+ str(!OBJECTID!)" PYTHON_9.3 #</Process><Process ToolSource="c:\program files (x86)\arcgis\desktop10.3\ArcToolbox\Toolboxes\Data Management Tools.tbx\CalculateField" Date="20170512" Time="154908">CalculateField PLANIMETRIC\cvgis.CITY.structure_existing_area ADDRESSTBL "Y" PYTHON_9.3 #</Process><Process ToolSource="c:\program files (x86)\arcgis\desktop10.3\ArcToolbox\Toolboxes\Data Management Tools.tbx\CalculateField" Date="20170512" Time="154923">CalculateField PLANIMETRIC\cvgis.CITY.structure_existing_area DESCRIP "per ADEPT" PYTHON_9.3 #</Process><Process ToolSource="c:\program files (x86)\arcgis\desktop10.3\ArcToolbox\Toolboxes\Data Management Tools.tbx\CalculateField" Date="20170908" Time="090040">CalculateField PLANIMETRIC\cvgis.CITY.structure_existing_area BIN "12746" VB #</Process><Process ToolSource="c:\program files (x86)\arcgis\desktop10.3\ArcToolbox\Toolboxes\Data Management Tools.tbx\CalculateField" Date="20170908" Time="090110">CalculateField PLANIMETRIC\cvgis.CITY.structure_existing_area BIN "12746"+str( !OBJECTID!) PYTHON_9.3 #</Process><Process ToolSource="c:\program files (x86)\arcgis\desktop10.3\ArcToolbox\Toolboxes\Data Management Tools.tbx\CalculateField" Date="20170908" Time="090139">CalculateField PLANIMETRIC\cvgis.CITY.structure_existing_area ADDRESSTBL "Y" PYTHON_9.3 #</Process><Process ToolSource="c:\program files (x86)\arcgis\desktop10.3\ArcToolbox\Toolboxes\Data Management Tools.tbx\CalculateField" Date="20170908" Time="090154">CalculateField PLANIMETRIC\cvgis.CITY.structure_existing_area STREET "CLEVELAND AVE" PYTHON_9.3 #</Process><Process ToolSource="c:\program files (x86)\arcgis\desktop10.3\ArcToolbox\Toolboxes\Data Management Tools.tbx\CalculateField" Date="20170908" Time="090706">CalculateField PLANIMETRIC\cvgis.CITY.structure_existing_area ADDRESS "!ST_NUMBER!+" "+ !STREET!" PYTHON_9.3 #</Process><Process ToolSource="c:\program files (x86)\arcgis\desktop10.3\ArcToolbox\Toolboxes\Data Management Tools.tbx\CalculateField" Date="20170908" Time="092154">CalculateField PLANIMETRIC\cvgis.CITY.structure_existing_area BIN ""12746"+ str(!OBJECTID!)" PYTHON_9.3 #</Process><Process ToolSource="c:\program files (x86)\arcgis\desktop10.3\ArcToolbox\Toolboxes\Data Management Tools.tbx\CalculateField" Date="20170908" Time="092203">CalculateField PLANIMETRIC\cvgis.CITY.structure_existing_area ADDRESSTBL "Y" PYTHON_9.3 #</Process><Process ToolSource="c:\program files (x86)\arcgis\desktop10.3\ArcToolbox\Toolboxes\Data Management Tools.tbx\CalculateField" Date="20170908" Time="092217">CalculateField PLANIMETRIC\cvgis.CITY.structure_existing_area STREET "CLEVELAND" PYTHON_9.3 #</Process><Process ToolSource="c:\program files (x86)\arcgis\desktop10.3\ArcToolbox\Toolboxes\Data Management Tools.tbx\CalculateField" Date="20170908" Time="092225">CalculateField PLANIMETRIC\cvgis.CITY.structure_existing_area STREET "CLEVELAND AVE" PYTHON_9.3 #</Process><Process ToolSource="c:\program files (x86)\arcgis\desktop10.3\ArcToolbox\Toolboxes\Data Management Tools.tbx\CalculateField" Date="20170908" Time="092526">CalculateField PLANIMETRIC\cvgis.CITY.structure_existing_area ADDRESS "!ST_NUMBER! + " " + !STREET!" PYTHON_9.3 #</Process><Process ToolSource="c:\program files (x86)\arcgis\desktop10.3\ArcToolbox\Toolboxes\Data Management Tools.tbx\CalculateField" Date="20170908" Time="093845">CalculateField PLANIMETRIC\cvgis.CITY.structure_existing_area DESCRIP "per ADEPT" PYTHON_9.3 #</Process><Process ToolSource="c:\program files (x86)\arcgis\desktop10.3\ArcToolbox\Toolboxes\Data Management Tools.tbx\CalculateField" Date="20170908" Time="103040">CalculateField PLANIMETRIC\cvgis.CITY.structure_existing_area ADDRESSTBL "Y" PYTHON_9.3 #</Process><Process ToolSource="c:\program files (x86)\arcgis\desktop10.3\ArcToolbox\Toolboxes\Data Management Tools.tbx\CalculateField" Date="20170908" Time="103103">CalculateField PLANIMETRIC\cvgis.CITY.structure_existing_area STREET "LONGWOOD DR" PYTHON_9.3 #</Process><Process ToolSource="c:\program files (x86)\arcgis\desktop10.3\ArcToolbox\Toolboxes\Data Management Tools.tbx\CalculateField" Date="20170908" Time="103124">CalculateField PLANIMETRIC\cvgis.CITY.structure_existing_area ADDRESS "!ST_NUMBER!+" " + !STREET!" PYTHON_9.3 #</Process><Process ToolSource="c:\program files (x86)\arcgis\desktop10.3\ArcToolbox\Toolboxes\Data Management Tools.tbx\CalculateField" Date="20170908" Time="162604">CalculateField PLANIMETRIC\cvgis.CITY.structure_existing_area DESCRIP "per ADEPT" PYTHON_9.3 #</Process><Process ToolSource="c:\program files (x86)\arcgis\desktop10.3\ArcToolbox\Toolboxes\Data Management Tools.tbx\CalculateField" Date="20180214" Time="090428">CalculateField PLANIMETRIC\cvgis.CITY.structure_existing_area DESCRIP "per ADEPT" VB #</Process><Process ToolSource="c:\program files (x86)\arcgis\desktop10.3\ArcToolbox\Toolboxes\Data Management Tools.tbx\CalculateField" Date="20180214" Time="090542">CalculateField PLANIMETRIC\cvgis.CITY.structure_existing_area DESCRIP "per ADEPT" VB #</Process><Process ToolSource="c:\program files (x86)\arcgis\desktop10.3\ArcToolbox\Toolboxes\Data Management Tools.tbx\CalculateField" Date="20180809" Time="100435">CalculateField "Impervious Area\Structures" ADDRESS '{0} {1}'.format( !ST_NUMBER! , !STREET! ) PYTHON_9.3 #</Process><Process ToolSource="c:\program files (x86)\arcgis\desktop10.3\ArcToolbox\Toolboxes\Data Management Tools.tbx\CalculateField" Date="20180809" Time="100457">CalculateField "Impervious Area\Structures" ADDRESSTBL 'Y' PYTHON_9.3 #</Process><Process ToolSource="c:\program files (x86)\arcgis\desktop10.3\ArcToolbox\Toolboxes\Data Management Tools.tbx\CalculateField" Date="20181015" Time="080838">CalculateField "Impervious Area\Structures" ADDRESS '{} {}'.format( !ST_NUMBER! , !STREET! ) PYTHON_9.3 #</Process><Process ToolSource="c:\program files (x86)\arcgis\desktop10.3\ArcToolbox\Toolboxes\Data Management Tools.tbx\DisableEditorTracking" Date="20200919" Time="155008">DisableEditorTracking "\\Metanoia\geodata\IT\Data_Automation\ArcSDE_connections\CITY_Connection to GISPRDDB.sde\cvgis.CITY.Buildings\cvGIS.CITY.structure_existing_area" DISABLE_CREATOR DISABLE_CREATION_DATE DISABLE_LAST_EDITOR DISABLE_LAST_EDIT_DATE</Process><Process ToolSource="c:\program files (x86)\arcgis\desktop10.3\ArcToolbox\Toolboxes\Data Management Tools.tbx\DisableEditorTracking" Date="20200919" Time="155322">DisableEditorTracking "\\Metanoia\geodata\IT\Data_Automation\ArcSDE_connections\CITY_Connection to GISPRDDB.sde\cvgis.CITY.Buildings\cvGIS.CITY.structure_existing_area" DISABLE_CREATOR DISABLE_CREATION_DATE DISABLE_LAST_EDITOR DISABLE_LAST_EDIT_DATE</Process><Process ToolSource="c:\program files (x86)\arcgis\desktop10.3\ArcToolbox\Toolboxes\Data Management Tools.tbx\DisableEditorTracking" Date="20200919" Time="155419">DisableEditorTracking "\\Metanoia\geodata\IT\Data_Automation\ArcSDE_connections\CITY_Connection to GISPRDDB.sde\cvgis.CITY.Buildings\cvGIS.CITY.structure_existing_area" DISABLE_CREATOR DISABLE_CREATION_DATE DISABLE_LAST_EDITOR DISABLE_LAST_EDIT_DATE</Process><Process ToolSource="c:\program files (x86)\arcgis\desktop10.3\ArcToolbox\Toolboxes\Data Management Tools.tbx\DisableEditorTracking" Date="20200919" Time="155458">DisableEditorTracking "\\Metanoia\geodata\IT\Data_Automation\ArcSDE_connections\CITY_Connection to GISPRDDB.sde\cvgis.CITY.Buildings\cvGIS.CITY.structure_existing_area" DISABLE_CREATOR DISABLE_CREATION_DATE DISABLE_LAST_EDITOR DISABLE_LAST_EDIT_DATE</Process><Process ToolSource="c:\program files (x86)\arcgis\desktop10.3\ArcToolbox\Toolboxes\Data Management Tools.tbx\DisableEditorTracking" Date="20200919" Time="155739">DisableEditorTracking "\\Metanoia\geodata\IT\Data_Automation\ArcSDE_connections\CITY_Connection to GISPRDDB.sde\cvgis.CITY.Buildings\cvGIS.CITY.structure_existing_area" DISABLE_CREATOR DISABLE_CREATION_DATE DISABLE_LAST_EDITOR DISABLE_LAST_EDIT_DATE</Process><Process ToolSource="c:\program files (x86)\arcgis\desktop10.3\ArcToolbox\Toolboxes\Data Management Tools.tbx\EnableEditorTracking" Date="20200919" Time="160010">EnableEditorTracking "\\Metanoia\geodata\IT\Data_Automation\ArcSDE_connections\CITY_Connection to GISPRDDB.sde\cvgis.CITY.Buildings\cvGIS.CITY.structure_existing_area" created_user created_date last_edited_user last_edited_date # UTC</Process><Process ToolSource="c:\program files (x86)\arcgis\desktop10.3\ArcToolbox\Toolboxes\Data Management Tools.tbx\DisableEditorTracking" Date="20200919" Time="160233">DisableEditorTracking "\\Metanoia\geodata\IT\Data_Automation\ArcSDE_connections\CITY_Connection to GISPRDDB.sde\cvgis.CITY.Buildings\cvGIS.CITY.structure_existing_area" DISABLE_CREATOR DISABLE_CREATION_DATE DISABLE_LAST_EDITOR DISABLE_LAST_EDIT_DATE</Process><Process ToolSource="c:\program files (x86)\arcgis\desktop10.3\ArcToolbox\Toolboxes\Data Management Tools.tbx\EnableEditorTracking" Date="20200919" Time="160502">EnableEditorTracking "\\Metanoia\geodata\IT\Data_Automation\ArcSDE_connections\CITY_Connection to GISPRDDB.sde\cvgis.CITY.Buildings\cvGIS.CITY.structure_existing_area" created_user created_date last_edited_user last_edited_date # UTC</Process><Process ToolSource="c:\program files (x86)\arcgis\desktop10.8\ArcToolbox\Toolboxes\Data Management Tools.tbx\CalculateField" Date="20211209" Time="142327">CalculateField "Impervious Planimetrics\cvgis.CITY.structure_existing_area" TYPE "" VB #</Process><Process ToolSource="c:\program files (x86)\arcgis\desktop10.8\ArcToolbox\Toolboxes\Data Management Tools.tbx\CalculateField" Date="20211209" Time="142336">CalculateField "Impervious Planimetrics\cvgis.CITY.structure_existing_area" NAME "" VB #</Process><Process ToolSource="c:\program files (x86)\arcgis\desktop10.8\ArcToolbox\Toolboxes\Data Management Tools.tbx\CalculateField" Date="20211209" Time="142342">CalculateField "Impervious Planimetrics\cvgis.CITY.structure_existing_area" DESCRIP "" VB #</Process><Process ToolSource="c:\program files (x86)\arcgis\desktop10.8\ArcToolbox\Toolboxes\Data Management Tools.tbx\CalculateField" Date="20211209" Time="142346">CalculateField "Impervious Planimetrics\cvgis.CITY.structure_existing_area" MAX_HEIGHT "" VB #</Process><Process ToolSource="c:\program files (x86)\arcgis\desktop10.8\ArcToolbox\Toolboxes\Data Management Tools.tbx\CalculateField" Date="20211209" Time="142351">CalculateField "Impervious Planimetrics\cvgis.CITY.structure_existing_area" COMMENT "" VB #</Process><Process ToolSource="c:\program files (x86)\arcgis\desktop10.8\ArcToolbox\Toolboxes\Data Management Tools.tbx\CalculateField" Date="20211209" Time="142357">CalculateField "Impervious Planimetrics\cvgis.CITY.structure_existing_area" STATUS "" VB #</Process><Process ToolSource="c:\program files (x86)\arcgis\desktop10.8\ArcToolbox\Toolboxes\Data Management Tools.tbx\CalculateField" Date="20211209" Time="142402">CalculateField "Impervious Planimetrics\cvgis.CITY.structure_existing_area" CONDITION "" VB #</Process><Process ToolSource="c:\program files (x86)\arcgis\desktop10.8\ArcToolbox\Toolboxes\Data Management Tools.tbx\CalculateField" Date="20220525" Time="064051">CalculateField cvgis.CITY.structure_existing_area TYPE "R" VB #</Process><Process ToolSource="c:\program files (x86)\arcgis\desktop10.8\ArcToolbox\Toolboxes\Data Management Tools.tbx\CalculateField" Date="20221230" Time="123644">CalculateField cvgis.CITY.structure_existing_area ADDRESS "" VB #</Process><Process ToolSource="c:\program files (x86)\arcgis\desktop10.8\ArcToolbox\Toolboxes\Data Management Tools.tbx\CalculateField" Date="20221230" Time="123746">CalculateField cvgis.CITY.structure_existing_area TYPE "" VB #</Process><Process ToolSource="c:\program files (x86)\arcgis\desktop10.8\ArcToolbox\Toolboxes\Data Management Tools.tbx\CalculateField" Date="20221230" Time="123812">CalculateField cvgis.CITY.structure_existing_area NAME "" VB #</Process><Process ToolSource="c:\program files (x86)\arcgis\desktop10.8\ArcToolbox\Toolboxes\Data Management Tools.tbx\CalculateField" Date="20221230" Time="123843">CalculateField cvgis.CITY.structure_existing_area DESCRIP "" VB #</Process><Process ToolSource="c:\program files (x86)\arcgis\desktop10.8\ArcToolbox\Toolboxes\Data Management Tools.tbx\CalculateField" Date="20221230" Time="123912">CalculateField cvgis.CITY.structure_existing_area MAX_HEIGHT "" VB #</Process><Process ToolSource="c:\program files (x86)\arcgis\desktop10.8\ArcToolbox\Toolboxes\Data Management Tools.tbx\CalculateField" Date="20221230" Time="123945">CalculateField cvgis.CITY.structure_existing_area COMMENT "" VB #</Process><Process ToolSource="c:\program files (x86)\arcgis\desktop10.8\ArcToolbox\Toolboxes\Data Management Tools.tbx\CalculateField" Date="20221230" Time="124024">CalculateField cvgis.CITY.structure_existing_area STATUS "" VB #</Process><Process ToolSource="c:\program files (x86)\arcgis\desktop10.8\ArcToolbox\Toolboxes\Data Management Tools.tbx\CalculateField" Date="20221230" Time="124107">CalculateField cvgis.CITY.structure_existing_area CONDITION "" VB #</Process><Process ToolSource="c:\program files (x86)\arcgis\desktop10.8\ArcToolbox\Toolboxes\Data Management Tools.tbx\CalculateField" Date="20230105" Time="130116">CalculateField cvgis.CITY.structure_existing_area TYPE "" VB #</Process><Process ToolSource="c:\program files (x86)\arcgis\desktop10.8\ArcToolbox\Toolboxes\Data Management Tools.tbx\CalculateField" Date="20230105" Time="130126">CalculateField cvgis.CITY.structure_existing_area NAME "" VB #</Process><Process ToolSource="c:\program files (x86)\arcgis\desktop10.8\ArcToolbox\Toolboxes\Data Management Tools.tbx\CalculateField" Date="20230105" Time="130131">CalculateField cvgis.CITY.structure_existing_area DESCRIP "" VB #</Process><Process ToolSource="c:\program files (x86)\arcgis\desktop10.8\ArcToolbox\Toolboxes\Data Management Tools.tbx\CalculateField" Date="20230105" Time="130135">CalculateField cvgis.CITY.structure_existing_area MAX_HEIGHT "" VB #</Process><Process ToolSource="c:\program files (x86)\arcgis\desktop10.8\ArcToolbox\Toolboxes\Data Management Tools.tbx\CalculateField" Date="20230105" Time="130143">CalculateField cvgis.CITY.structure_existing_area STATUS "" VB #</Process><Process ToolSource="c:\program files (x86)\arcgis\desktop10.8\ArcToolbox\Toolboxes\Data Management Tools.tbx\CalculateField" Date="20230105" Time="130147">CalculateField cvgis.CITY.structure_existing_area COMMENT "" VB #</Process><Process ToolSource="c:\program files (x86)\arcgis\desktop10.8\ArcToolbox\Toolboxes\Data Management Tools.tbx\CalculateField" Date="20230105" Time="130151">CalculateField cvgis.CITY.structure_existing_area CONDITION "" VB #</Process><Process ToolSource="c:\program files (x86)\arcgis\desktop10.8\ArcToolbox\Toolboxes\Data Management Tools.tbx\CopyFeatures" Date="20230202" Time="220225">CopyFeatures "\\Metanoia\geodata\IT\Data_Automation\ArcSDE_connections\CITY_Connection to GISPRDDB.sde\cvgis.CITY.structure_existing_area" \\Metanoia\GeoData\IT\Data_Automation\temp\structure_existing_area.shp # 0 0 0</Process></lineage></DataProperties><SyncDate>20230202</SyncDate><SyncTime>22022000</SyncTime><ModDate>20230202</ModDate><ModTime>22022000</ModTime></Esri><dataIdInfo><envirDesc Sync="TRUE"> Version 6.2 (Build 9200) ; Esri ArcGIS 10.8.0.12790</envirDesc><dataLang><languageCode value="eng" Sync="TRUE"/><countryCode value="USA" Sync="TRUE"/></dataLang><idCitation><resTitle Sync="TRUE">structure_existing_area</resTitle><presForm><PresFormCd value="005" Sync="TRUE"/></presForm></idCitation><spatRpType><SpatRepTypCd value="001" Sync="TRUE"/></spatRpType><dataExt><geoEle><GeoBndBox esriExtentType="search"><exTypeCode Sync="TRUE">1</exTypeCode><westBL Sync="TRUE">-78.523556</westBL><eastBL Sync="TRUE">-78.451501</eastBL><northBL Sync="TRUE">38.070207</northBL><southBL Sync="TRUE">38.010176</southBL></GeoBndBox></geoEle></dataExt></dataIdInfo><mdLang><languageCode value="eng" Sync="TRUE"/><countryCode value="USA" Sync="TRUE"/></mdLang><distInfo><distFormat><formatName Sync="TRUE">Shapefile</formatName></distFormat><distTranOps><transSize Sync="TRUE">0.000</transSize></distTranOps></distInfo><mdHrLv><ScopeCd value="005" Sync="TRUE"/></mdHrLv><mdHrLvName Sync="TRUE">dataset</mdHrLvName><refSysInfo><RefSystem><refSysID><identCode code="2284" Sync="TRUE"/><idCodeSpace Sync="TRUE">EPSG</idCodeSpace><idVersion Sync="TRUE">5.3(9.0.0)</idVersion></refSysID></RefSystem></refSysInfo><spatRepInfo><VectSpatRep><geometObjs Name="structure_existing_area"><geoObjTyp><GeoObjTypCd value="002" Sync="TRUE"></GeoObjTypCd></geoObjTyp><geoObjCnt Sync="TRUE">0</geoObjCnt></geometObjs><topLvl><TopoLevCd value="001" Sync="TRUE"></TopoLevCd></topLvl></VectSpatRep></spatRepInfo><spdoinfo><ptvctinf><esriterm Name="structure_existing_area"><efeatyp Sync="TRUE">Simple</efeatyp><efeageom code="4" Sync="TRUE"></efeageom><esritopo Sync="TRUE">FALSE</esritopo><efeacnt Sync="TRUE">0</efeacnt><spindex Sync="TRUE">FALSE</spindex><linrefer Sync="TRUE">FALSE</linrefer></esriterm></ptvctinf></spdoinfo><eainfo><detailed Name="structure_existing_area"><enttyp><enttypl Sync="TRUE">structure_existing_area</enttypl><enttypt Sync="TRUE">Feature Class</enttypt><enttypc Sync="TRUE">0</enttypc></enttyp><attr><attrlabl Sync="TRUE">FID</attrlabl><attalias Sync="TRUE">FID</attalias><attrtype Sync="TRUE">OID</attrtype><attwidth Sync="TRUE">4</attwidth><atprecis Sync="TRUE">0</atprecis><attscale Sync="TRUE">0</attscale><attrdef Sync="TRUE">Internal feature number.</attrdef><attrdefs Sync="TRUE">Esri</attrdefs><attrdomv><udom Sync="TRUE">Sequential unique whole numbers that are automatically generated.</udom></attrdomv></attr><attr><attrlabl Sync="TRUE">ADDRESSTBL</attrlabl><attalias Sync="TRUE">ADDRESSTBL</attalias><attrtype Sync="TRUE">String</attrtype><attwidth Sync="TRUE">13</attwidth><atprecis Sync="TRUE">0</atprecis><attscale Sync="TRUE">0</attscale></attr><attr><attrlabl Sync="TRUE">BIN</attrlabl><attalias Sync="TRUE">BIN</attalias><attrtype Sync="TRUE">String</attrtype><attwidth Sync="TRUE">15</attwidth><atprecis Sync="TRUE">0</atprecis><attscale Sync="TRUE">0</attscale></attr><attr><attrlabl Sync="TRUE">ST_NUMBER</attrlabl><attalias Sync="TRUE">ST_NUMBER</attalias><attrtype Sync="TRUE">String</attrtype><attwidth Sync="TRUE">12</attwidth><atprecis Sync="TRUE">0</atprecis><attscale Sync="TRUE">0</attscale></attr><attr><attrlabl Sync="TRUE">STREET</attrlabl><attalias Sync="TRUE">STREET</attalias><attrtype Sync="TRUE">String</attrtype><attwidth Sync="TRUE">50</attwidth><atprecis Sync="TRUE">0</atprecis><attscale Sync="TRUE">0</attscale></attr><attr><attrlabl Sync="TRUE">ADDRESS</attrlabl><attalias Sync="TRUE">ADDRESS</attalias><attrtype Sync="TRUE">String</attrtype><attwidth Sync="TRUE">50</attwidth><atprecis Sync="TRUE">0</atprecis><attscale Sync="TRUE">0</attscale></attr><attr><attrlabl Sync="TRUE">TYPE</attrlabl><attalias Sync="TRUE">TYPE</attalias><attrtype Sync="TRUE">String</attrtype><attwidth Sync="TRUE">50</attwidth><atprecis Sync="TRUE">0</atprecis><attscale Sync="TRUE">0</attscale></attr><attr><attrlabl Sync="TRUE">NAME</attrlabl><attalias Sync="TRUE">NAME</attalias><attrtype Sync="TRUE">String</attrtype><attwidth Sync="TRUE">50</attwidth><atprecis Sync="TRUE">0</atprecis><attscale Sync="TRUE">0</attscale></attr><attr><attrlabl Sync="TRUE">DESCRIP</attrlabl><attalias Sync="TRUE">DESCRIP</attalias><attrtype Sync="TRUE">String</attrtype><attwidth Sync="TRUE">50</attwidth><atprecis Sync="TRUE">0</atprecis><attscale Sync="TRUE">0</attscale></attr><attr><attrlabl Sync="TRUE">MAX_HEIGHT</attrlabl><attalias Sync="TRUE">MAX_HEIGHT</attalias><attrtype Sync="TRUE">String</attrtype><attwidth Sync="TRUE">10</attwidth><atprecis Sync="TRUE">0</atprecis><attscale Sync="TRUE">0</attscale></attr><attr><attrlabl Sync="TRUE">COMMENT</attrlabl><attalias Sync="TRUE">COMMENT</attalias><attrtype Sync="TRUE">String</attrtype><attwidth Sync="TRUE">50</attwidth><atprecis Sync="TRUE">0</atprecis><attscale Sync="TRUE">0</attscale></attr><attr><attrlabl Sync="TRUE">STATUS</attrlabl><attalias Sync="TRUE">STATUS</attalias><attrtype Sync="TRUE">String</attrtype><attwidth Sync="TRUE">25</attwidth><atprecis Sync="TRUE">0</atprecis><attscale Sync="TRUE">0</attscale></attr><attr><attrlabl Sync="TRUE">CONDITION</attrlabl><attalias Sync="TRUE">CONDITION</attalias><attrtype Sync="TRUE">String</attrtype><attwidth Sync="TRUE">25</attwidth><atprecis Sync="TRUE">0</atprecis><attscale Sync="TRUE">0</attscale></attr><attr><attrlabl Sync="TRUE">Shape</attrlabl><attalias Sync="TRUE">Shape</attalias><attrtype Sync="TRUE">Geometry</attrtype><attwidth Sync="TRUE">0</attwidth><atprecis Sync="TRUE">0</atprecis><attscale Sync="TRUE">0</attscale><attrdef Sync="TRUE">Feature geometry.</attrdef><attrdefs Sync="TRUE">Esri</attrdefs><attrdomv><udom Sync="TRUE">Coordinates defining the features.</udom></attrdomv></attr><attr><attrlabl Sync="TRUE">created_us</attrlabl><attalias Sync="TRUE">created_us</attalias><attrtype Sync="TRUE">String</attrtype><attwidth Sync="TRUE">254</attwidth><atprecis Sync="TRUE">0</atprecis><attscale Sync="TRUE">0</attscale></attr><attr><attrlabl Sync="TRUE">created_da</attrlabl><attalias Sync="TRUE">created_da</attalias><attrtype Sync="TRUE">Date</attrtype><attwidth Sync="TRUE">8</attwidth><atprecis Sync="TRUE">0</atprecis><attscale Sync="TRUE">0</attscale></attr><attr><attrlabl Sync="TRUE">last_edite</attrlabl><attalias Sync="TRUE">last_edite</attalias><attrtype Sync="TRUE">String</attrtype><attwidth Sync="TRUE">254</attwidth><atprecis Sync="TRUE">0</atprecis><attscale Sync="TRUE">0</attscale></attr><attr><attrlabl Sync="TRUE">last_edi_1</attrlabl><attalias Sync="TRUE">last_edi_1</attalias><attrtype Sync="TRUE">Date</attrtype><attwidth Sync="TRUE">8</attwidth><atprecis Sync="TRUE">0</atprecis><attscale Sync="TRUE">0</attscale></attr><attr><attrlabl Sync="TRUE">Shape_area</attrlabl><attalias Sync="TRUE">Shape_area</attalias><attrtype Sync="TRUE">Double</attrtype><attwidth Sync="TRUE">19</attwidth><atprecis Sync="TRUE">0</atprecis><attscale Sync="TRUE">0</attscale><attrdef Sync="TRUE">Area of feature in internal units squared.</attrdef><attrdefs Sync="TRUE">Esri</attrdefs><attrdomv><udom Sync="TRUE">Positive real numbers that are automatically generated.</udom></attrdomv></attr><attr><attrlabl Sync="TRUE">Shape_len</attrlabl><attalias Sync="TRUE">Shape_len</attalias><attrtype Sync="TRUE">Double</attrtype><attwidth Sync="TRUE">19</attwidth><atprecis Sync="TRUE">0</atprecis><attscale Sync="TRUE">0</attscale></attr></detailed></eainfo><mdDateSt Sync="TRUE">20230202</mdDateSt></metadata>
