<metadata><idinfo><citation><citeinfo><origin>City of Charlottesville</origin><pubdate>Unknown</pubdate><pubinfo><pubplace>Charlottesville, Virginia, USA</pubplace><publish>City of Charlottesville - Neighborhood Development Services</publish></pubinfo><title Sync="TRUE">CVGIS.SDEADMIN90.PlanningNeighborhoods</title><ftname Sync="TRUE">CVGIS.SDEADMIN90.PlanningNeighborhoods</ftname><geoform Sync="TRUE">vector digital data</geoform><onlink Sync="TRUE">Server=odyssey; Service=5153; Database=cvgis; User=sdeAdmin90; Version=sde.DEFAULT</onlink></citeinfo></citation><descript><abstract>

This file represents the City of Charlottesville's digital planning neighborhood layer. This digital planning neighborhood layer is updated on a daily basis by City staff from the Neighborhood Development Services (NDS). Location data for planning neighborhoods are received by NDS staff (from various sources, such as updated orthos, GPS, plats, etc.) and incorporated into this layer.

The information contained in this file is NOT to be construed or used as a "legal description." Any errors or omissions should be reported to NDS for correction. 

</abstract><purpose>

The purpose of this file is to allow users to be able to display, analyze, query, etc. the City's driveway information in a GIS, CAD, or other digital environment.

This file is not intended for mass public consumption, as it is a working file; rather this digital layer allows users to view the most up to date driveway data since the creation of the most recently publicly available planning neighborhood layer.


</purpose><langdata Sync="TRUE">en</langdata></descript><timeperd><timeinfo><sngdate><caldate>unknown</caldate></sngdate></timeinfo><current>ground condition</current></timeperd><status><progress>In work</progress><update>Continually</update></status><keywords><theme><themekt>None</themekt><themekey>Planning</themekey><themekey>Neighborhood</themekey><themekey>Boundaries</themekey><themekey>Polygon</themekey></theme><place><placekt>None</placekt><placekey>City of Charlottesville</placekey></place></keywords><accconst>This data layer should not publicly disseminated as it is a work in progress.  Public access should be through the periodic shapefiles that are created from these SDE layers.</accconst><useconst>No warranty, expressed or implied, is made by NDS as to the accuracy of the data</useconst><ptcontac><cntinfo><cntorgp><cntorg>City of Charlottesville/Neighborhood Development Services</cntorg><cntper>Mark Simpson</cntper></cntorgp><cntpos>GIS Coordinator</cntpos><cntaddr><addrtype>mailing and physical address</addrtype><address>610 East Market Street</address><city>Charlottesville</city><state>VA</state><postal>22902</postal><country>USA</country></cntaddr><cntvoice>434-970-3710</cntvoice><cntemail>simpsonm@charlottesville.org</cntemail><hours>8:00 a.m.-5:00 p.m. Eastern time, Monday-Friday</hours></cntinfo></ptcontac><native Sync="TRUE">Microsoft Windows XP Version 5.1 (Build 2600) Service Pack 3; ESRI ArcCatalog 9.3.0.1770</native><spdom><bounding><westbc Sync="TRUE">-78.523905</westbc><eastbc Sync="TRUE">-78.446346</eastbc><northbc Sync="TRUE">38.070538</northbc><southbc Sync="TRUE">38.009572</southbc></bounding><lboundng><leftbc Sync="TRUE">11476034.480000</leftbc><rightbc Sync="TRUE">11498363.400000</rightbc><bottombc Sync="TRUE">3891164.590000</bottombc><topbc Sync="TRUE">3913361.910000</topbc></lboundng></spdom><natvform Sync="TRUE">SDE Feature Class</natvform></idinfo><dataqual><logic>This dataset should not contain any logical inconsistencies pertaining to topology.</logic><complete>Base data was derived from ...</complete><lineage><procstep><procdesc Sync="TRUE">Metadata imported.</procdesc><srcused Sync="TRUE">H:\metadata\done\PlanningNeighborhoods.xml</srcused><procdate Sync="TRUE">20100914</procdate><proctime Sync="TRUE">16210600</proctime></procstep></lineage></dataqual><distinfo><distrib><cntinfo><cntperp><cntper>Mark Simpson</cntper><cntorg>City of Charlottesville - Neighborhood Development Services</cntorg></cntperp><cntpos>GIS Coordinator</cntpos><cntaddr><addrtype>mailing and physical address</addrtype><address>610 East Market Street</address><city>Charlottesville</city><state>VA</state><postal>22902</postal><country>USA</country></cntaddr><cntvoice>434-970-3710</cntvoice><cntemail>simpsonm@charlottesville.org</cntemail></cntinfo></distrib><resdesc>Downloadable Data</resdesc></distinfo><metainfo><metc><cntinfo><cntorgp><cntorg>City of Charlottesville/Neighborhood Development Services</cntorg><cntper>Mark Simpson</cntper></cntorgp><cntpos>GIS Coordinator</cntpos><cntaddr><addrtype>mailing and physical address</addrtype><address>610 East Market Street</address><city>Charlottesville</city><state>VA</state><postal>22902</postal><country>USA</country></cntaddr><cntvoice>434-970-3182</cntvoice><cntfax>434-970-3359</cntfax><cntemail>simpsonm@charlottesville.org</cntemail><hours>8:00 a.m.-5:00 p.m. Eastern time, Monday-Friday</hours></cntinfo></metc><langmeta Sync="TRUE">en</langmeta><metstdn Sync="TRUE">FGDC Content Standards for Digital Geospatial Metadata</metstdn><metstdv Sync="TRUE">FGDC-STD-001-1998</metstdv><mettc Sync="TRUE">local time</mettc><metd Sync="TRUE">20101118</metd></metainfo><Esri><CreaDate>20110203</CreaDate><CreaTime>10495700</CreaTime><SyncOnce>FALSE</SyncOnce><SyncDate>20230202</SyncDate><SyncTime>22031700</SyncTime><ModDate>20230202</ModDate><ModTime>22031700</ModTime><ArcGISFormat>1.0</ArcGISFormat><DataProperties><itemProps><itemLocation><linkage Sync="TRUE">file://\\Metanoia\GeoData\IT\Data_Automation\temp\planning_area.shp</linkage><protocol Sync="TRUE">Local Area Network</protocol></itemLocation><itemName Sync="TRUE">planning_area</itemName><imsContentType Sync="TRUE">002</imsContentType><itemSize Sync="TRUE">0.000</itemSize></itemProps><lineage><Process ToolSource="C:\Program Files\ArcGIS\Desktop10.0\ArcToolbox\Toolboxes\Data Management Tools.tbx\CalculateField" Date="20120713" Time="162752">CalculateField "Planning Neighborhoods" HOUSINGCODE "THOMAS BRADDOCK" VB #</Process><Process ToolSource="C:\Program Files\ArcGIS\Desktop10.0\ArcToolbox\Toolboxes\Data Management Tools.tbx\CalculateField" Date="20120713" Time="162900">CalculateField "Planning Neighborhoods" HOUSINGCODE "PATRICIA CARRINGTON" VB #</Process><Process ToolSource="C:\Program Files\ArcGIS\Desktop10.0\ArcToolbox\Toolboxes\Data Management Tools.tbx\CalculateField" Date="20120713" Time="163655">CalculateField "Planning Neighborhoods" HOUSINGCODE "AARON FABIO" VB #</Process><Process ToolSource="C:\Program Files\ArcGIS\Desktop10.0\ArcToolbox\Toolboxes\Data Management Tools.tbx\CalculateField" Date="20120713" Time="163849">CalculateField "Planning Neighborhoods" ENGINEER "MARTY SILMAN" VB #</Process><Process ToolSource="C:\Program Files\ArcGIS\Desktop10.0\ArcToolbox\Toolboxes\Data Management Tools.tbx\CalculateField" Date="20120713" Time="163919">CalculateField "Planning Neighborhoods" ENGINEER "JAMIE ATKINSON" VB #</Process><Process ToolSource="c:\program files\arcgis\desktop10.1\ArcToolbox\Toolboxes\Data Management Tools.tbx\CalculateField" Date="20131114" Time="094028">CalculateField "Planning Neighborhoods" ENGINEER "HUGH BLAKE" VB #</Process><Process ToolSource="c:\program files (x86)\arcgis\desktop10.3\ArcToolbox\Toolboxes\Data Management Tools.tbx\CalculateField" Date="20180919" Time="124140">CalculateField Neighborhood HOUSINGCODE "MATT FICHTER" VB #</Process><Process ToolSource="c:\program files (x86)\arcgis\desktop10.3\ArcToolbox\Toolboxes\Data Management Tools.tbx\CalculateField" Date="20180919" Time="124316">CalculateField Neighborhood ENGINEER "HUGH BLAKE" VB #</Process><Process ToolSource="c:\program files (x86)\arcgis\desktop10.3\ArcToolbox\Toolboxes\Data Management Tools.tbx\CalculateField" Date="20180919" Time="124348">CalculateField Neighborhood ENGINEER "CHRIS SIBOLD" VB #</Process><Process ToolSource="c:\program files (x86)\arcgis\desktop10.6\ArcToolbox\Toolboxes\Data Management Tools.tbx\CalculateField" Date="20190128" Time="150051">CalculateField "Planning Neighborhoods" PLANNER "JOEY WINTER" VB #</Process><Process ToolSource="c:\program files (x86)\arcgis\desktop10.6\ArcToolbox\Toolboxes\Data Management Tools.tbx\CalculateField" Date="20190128" Time="150221">CalculateField "Planning Neighborhoods" HOUSINGCODE "TBD" VB #</Process><Process ToolSource="c:\program files (x86)\arcgis\desktop10.6\ArcToolbox\Toolboxes\Data Management Tools.tbx\CalculateField" Date="20190319" Time="110813">CalculateField "Planning Neighborhoods" HOUSINGCODE "MATT MCCRACKEN" VB #</Process><Process ToolSource="c:\program files (x86)\arcgis\desktop10.8\ArcToolbox\Toolboxes\Data Management Tools.tbx\CopyFeatures" Date="20230202" Time="220317">CopyFeatures "\\Metanoia\geodata\IT\Data_Automation\ArcSDE_connections\CITY_Connection to GISPRDDB.sde\cvgis.CITY.planning_area" \\Metanoia\GeoData\IT\Data_Automation\temp\planning_area.shp # 0 0 0</Process></lineage><coordRef><type Sync="TRUE">Projected</type><geogcsn Sync="TRUE">GCS_North_American_1983</geogcsn><csUnits Sync="TRUE">Linear Unit: Foot_US (0.304801)</csUnits><projcsn Sync="TRUE">NAD_1983_StatePlane_Virginia_South_FIPS_4502_Feet</projcsn><peXml Sync="TRUE">&lt;ProjectedCoordinateSystem xsi:type='typens:ProjectedCoordinateSystem' xmlns:xsi='http://www.w3.org/2001/XMLSchema-instance' xmlns:xs='http://www.w3.org/2001/XMLSchema' xmlns:typens='http://www.esri.com/schemas/ArcGIS/10.8'&gt;&lt;WKT&gt;PROJCS[&amp;quot;NAD_1983_StatePlane_Virginia_South_FIPS_4502_Feet&amp;quot;,GEOGCS[&amp;quot;GCS_North_American_1983&amp;quot;,DATUM[&amp;quot;D_North_American_1983&amp;quot;,SPHEROID[&amp;quot;GRS_1980&amp;quot;,6378137.0,298.257222101]],PRIMEM[&amp;quot;Greenwich&amp;quot;,0.0],UNIT[&amp;quot;Degree&amp;quot;,0.0174532925199433]],PROJECTION[&amp;quot;Lambert_Conformal_Conic&amp;quot;],PARAMETER[&amp;quot;False_Easting&amp;quot;,11482916.66666666],PARAMETER[&amp;quot;False_Northing&amp;quot;,3280833.333333333],PARAMETER[&amp;quot;Central_Meridian&amp;quot;,-78.5],PARAMETER[&amp;quot;Standard_Parallel_1&amp;quot;,36.76666666666667],PARAMETER[&amp;quot;Standard_Parallel_2&amp;quot;,37.96666666666667],PARAMETER[&amp;quot;Latitude_Of_Origin&amp;quot;,36.33333333333334],UNIT[&amp;quot;Foot_US&amp;quot;,0.3048006096012192],AUTHORITY[&amp;quot;EPSG&amp;quot;,2284]]&lt;/WKT&gt;&lt;XOrigin&gt;-111140600&lt;/XOrigin&gt;&lt;YOrigin&gt;-91532100&lt;/YOrigin&gt;&lt;XYScale&gt;36727036.750856541&lt;/XYScale&gt;&lt;ZOrigin&gt;-100000&lt;/ZOrigin&gt;&lt;ZScale&gt;10000&lt;/ZScale&gt;&lt;MOrigin&gt;-100000&lt;/MOrigin&gt;&lt;MScale&gt;10000&lt;/MScale&gt;&lt;XYTolerance&gt;0.0032808333333333331&lt;/XYTolerance&gt;&lt;ZTolerance&gt;0.001&lt;/ZTolerance&gt;&lt;MTolerance&gt;0.001&lt;/MTolerance&gt;&lt;HighPrecision&gt;true&lt;/HighPrecision&gt;&lt;WKID&gt;102747&lt;/WKID&gt;&lt;LatestWKID&gt;2284&lt;/LatestWKID&gt;&lt;/ProjectedCoordinateSystem&gt;</peXml></coordRef></DataProperties></Esri><dataIdInfo><envirDesc Sync="TRUE"> Version 6.2 (Build 9200) ; Esri ArcGIS 10.8.0.12790</envirDesc><dataLang><languageCode Sync="TRUE" value="eng"/><countryCode value="USA" Sync="TRUE"></countryCode></dataLang><idCitation><resTitle Sync="TRUE">planning_area</resTitle><presForm><PresFormCd Sync="TRUE" value="005"/></presForm></idCitation><spatRpType><SpatRepTypCd Sync="TRUE" value="001"/></spatRpType><dataExt><geoEle><GeoBndBox esriExtentType="native"><westBL Sync="TRUE">11476034.48</westBL><eastBL Sync="TRUE">11498363.4</eastBL><northBL Sync="TRUE">3913361.91</northBL><southBL Sync="TRUE">3891164.59</southBL><exTypeCode Sync="TRUE">1</exTypeCode></GeoBndBox></geoEle></dataExt><geoBox esriExtentType="decdegrees"><westBL Sync="TRUE">-78.523905</westBL><eastBL Sync="TRUE">-78.446346</eastBL><northBL Sync="TRUE">38.070538</northBL><southBL Sync="TRUE">38.009572</southBL><exTypeCode Sync="TRUE">1</exTypeCode></geoBox></dataIdInfo><mdLang><languageCode Sync="TRUE" value="eng"/><countryCode value="USA" Sync="TRUE"></countryCode></mdLang><mdStanName Sync="TRUE">ISO 19115 Geographic Information - Metadata</mdStanName><mdStanVer Sync="TRUE">DIS_ESRI1.0</mdStanVer><mdChar><CharSetCd Sync="TRUE" value="004"/></mdChar><mdHrLv><ScopeCd Sync="TRUE" value="005"/></mdHrLv><mdHrLvName Sync="TRUE">dataset</mdHrLvName><distInfo><distributor><distorTran><onLineSrc><orDesc Sync="TRUE">002</orDesc><linkage Sync="TRUE">Server=odyssey; Service=5153; Database=cvgis; User=sdeAdmin90; Version=sde.DEFAULT</linkage><protocol Sync="TRUE">ArcSDE Connection</protocol></onLineSrc></distorTran><distorFormat><formatName Sync="TRUE">SDE Feature Class</formatName></distorFormat></distributor><distFormat><formatName Sync="TRUE">Shapefile</formatName></distFormat><distTranOps><transSize Sync="TRUE">0.000</transSize></distTranOps></distInfo><spdoinfo><direct Sync="TRUE">Vector</direct><ptvctinf><esriterm Name="planning_area"><efeatyp Sync="TRUE">Simple</efeatyp><efeageom code="4" Sync="TRUE"></efeageom><esritopo Sync="TRUE">FALSE</esritopo><efeacnt Sync="TRUE">0</efeacnt><spindex Sync="TRUE">FALSE</spindex><linrefer Sync="TRUE">FALSE</linrefer></esriterm></ptvctinf></spdoinfo><spref><horizsys><cordsysn><geogcsn Sync="TRUE">GCS_North_American_1983</geogcsn><projcsn Sync="TRUE">NAD_1983_StatePlane_Virginia_South_FIPS_4502_Feet</projcsn></cordsysn><planar><planci><plance Sync="TRUE">coordinate pair</plance><plandu Sync="TRUE">survey feet</plandu><coordrep><absres Sync="TRUE">0.010000</absres><ordres Sync="TRUE">0.010000</ordres></coordrep></planci></planar><geodetic><horizdn Sync="TRUE">North American Datum of 1983</horizdn><ellips Sync="TRUE">Geodetic Reference System 80</ellips><semiaxis Sync="TRUE">6378137.000000</semiaxis><denflat Sync="TRUE">298.257222</denflat></geodetic></horizsys><vertdef><altsys><altenc Sync="TRUE">Explicit elevation coordinate included with horizontal coordinates</altenc><altres Sync="TRUE">1.000000</altres></altsys></vertdef></spref><refSysInfo><RefSystem><refSysID><identCode Sync="TRUE" code="2284">NAD_1983_StatePlane_Virginia_South_FIPS_4502_Feet</identCode><idCodeSpace Sync="TRUE">EPSG</idCodeSpace><idVersion Sync="TRUE">5.3(9.0.0)</idVersion></refSysID></RefSystem></refSysInfo><spatRepInfo><VectSpatRep><geometObjs Name="planning_area"><geoObjTyp><GeoObjTypCd value="002" Sync="TRUE"></GeoObjTypCd></geoObjTyp><geoObjCnt Sync="TRUE">0</geoObjCnt></geometObjs><topLvl><TopoLevCd value="001" Sync="TRUE"></TopoLevCd></topLvl></VectSpatRep></spatRepInfo><eainfo><detailed Name="planning_area"><enttyp><enttypl Sync="TRUE">planning_area</enttypl><enttypt Sync="TRUE">Feature Class</enttypt><enttypc Sync="TRUE">0</enttypc></enttyp><attr><attrlabl Sync="TRUE">FID</attrlabl><attalias Sync="TRUE">FID</attalias><attrtype Sync="TRUE">OID</attrtype><attwidth Sync="TRUE">4</attwidth><atprecis Sync="TRUE">0</atprecis><attscale Sync="TRUE">0</attscale><attrdef Sync="TRUE">Internal feature number.</attrdef><attrdefs Sync="TRUE">Esri</attrdefs><attrdomv><udom Sync="TRUE">Sequential unique whole numbers that are automatically generated.</udom></attrdomv></attr><attr><attrlabl Sync="TRUE">SHAPE</attrlabl><attalias Sync="TRUE">Shape</attalias><attrtype Sync="TRUE">Geometry</attrtype><attwidth Sync="TRUE">0</attwidth><atprecis Sync="TRUE">0</atprecis><attscale Sync="TRUE">0</attscale><attrdef Sync="TRUE">Feature geometry.</attrdef><attrdefs Sync="TRUE">ESRI</attrdefs><attrdomv><udom Sync="TRUE">Coordinates defining the features.</udom></attrdomv></attr><attr><attrlabl Sync="TRUE">NAME</attrlabl><attalias Sync="TRUE">NAME</attalias><attrtype Sync="TRUE">String</attrtype><attwidth Sync="TRUE">50</attwidth><atprecis Sync="TRUE">0</atprecis><attscale Sync="TRUE">0</attscale></attr><attr><attrlabl Sync="TRUE">PLANNER</attrlabl><attalias Sync="TRUE">PLANNER</attalias><attrtype Sync="TRUE">String</attrtype><attwidth Sync="TRUE">254</attwidth><atprecis Sync="TRUE">0</atprecis><attscale Sync="TRUE">0</attscale></attr><attr><attrlabl Sync="TRUE">HOUSINGCOD</attrlabl><attalias Sync="TRUE">HOUSINGCOD</attalias><attrtype Sync="TRUE">String</attrtype><attwidth Sync="TRUE">254</attwidth><atprecis Sync="TRUE">0</atprecis><attscale Sync="TRUE">0</attscale></attr><attr><attrlabl Sync="TRUE">ENGINEER</attrlabl><attalias Sync="TRUE">ENGINEER</attalias><attrtype Sync="TRUE">String</attrtype><attwidth Sync="TRUE">254</attwidth><atprecis Sync="TRUE">0</atprecis><attscale Sync="TRUE">0</attscale></attr><attr><attrlabl Sync="TRUE">created_us</attrlabl><attalias Sync="TRUE">created_us</attalias><attrtype Sync="TRUE">String</attrtype><attwidth Sync="TRUE">254</attwidth><atprecis Sync="TRUE">0</atprecis><attscale Sync="TRUE">0</attscale></attr><attr><attrlabl Sync="TRUE">created_da</attrlabl><attalias Sync="TRUE">created_da</attalias><attrtype Sync="TRUE">Date</attrtype><attwidth Sync="TRUE">8</attwidth><atprecis Sync="TRUE">0</atprecis><attscale Sync="TRUE">0</attscale></attr><attr><attrlabl Sync="TRUE">last_edite</attrlabl><attalias Sync="TRUE">last_edite</attalias><attrtype Sync="TRUE">String</attrtype><attwidth Sync="TRUE">254</attwidth><atprecis Sync="TRUE">0</atprecis><attscale Sync="TRUE">0</attscale></attr><attr><attrlabl Sync="TRUE">last_edi_1</attrlabl><attalias Sync="TRUE">last_edi_1</attalias><attrtype Sync="TRUE">Date</attrtype><attwidth Sync="TRUE">8</attwidth><atprecis Sync="TRUE">0</atprecis><attscale Sync="TRUE">0</attscale></attr><attr><attrlabl Sync="TRUE">SHAPE_area</attrlabl><attalias Sync="TRUE">SHAPE_area</attalias><attrtype Sync="TRUE">Double</attrtype><attwidth Sync="TRUE">19</attwidth><atprecis Sync="TRUE">0</atprecis><attscale Sync="TRUE">0</attscale><attrdef Sync="TRUE">Area of feature in internal units squared.</attrdef><attrdefs Sync="TRUE">Esri</attrdefs><attrdomv><udom Sync="TRUE">Positive real numbers that are automatically generated.</udom></attrdomv></attr><attr><attrlabl Sync="TRUE">SHAPE_len</attrlabl><attalias Sync="TRUE">SHAPE_len</attalias><attrtype Sync="TRUE">Double</attrtype><attwidth Sync="TRUE">19</attwidth><atprecis Sync="TRUE">0</atprecis><attscale Sync="TRUE">0</attscale></attr></detailed></eainfo><mdDateSt Sync="TRUE">20230202</mdDateSt></metadata>
